AuthorID,BookID,Author Name,Biography,Date of Birth
default,310100XW,awefawefawefawef,default,default
default,310165KN,awefawef,default,default
default,310170LV,Franklyn,default,default
default,310170CW,asdfaawefawe,default,default
default,310167AD,Titties,default,default
default,310132FU,Wow,default,default
default,310139AZ,where is the fish,default,default
default,310122ID,12341234123,default,default
default,310181AY,12351235,default,default
default,310113TO,dsasdsadsad,default,default
default,310161UT,212,default,default
default,310153PE,,default,default
